"Table with row headers in column A, L, W, AH, AS, BD, BO, BZ, CK, CV, and DG, and column headers in rows 6 through 8 and 46 through 48.",,,,,,,,,,,,,,,,,,,,,,,,,,,,,,,,,,,,,,,,,,,,,,,,,,,,,,,,,,,,,,,,,,,,,,,,,,,,,,,,,,,,,,,,,,,,,,,,,,,,,,,,,,,,,,,,,,
Table 1.  State-to-State Migration Flows*: 2008,,,,,,,,,,,Table 1.  State-to-State Migration Flows*: 2008,,,,,,,,,,,Table 1.  State-to-State Migration Flows*: 2008,,,,,,,,,,,Table 1.  State-to-State Migration Flows*: 2008,,,,,,,,,,,Table 1.  State-to-State Migration Flows*: 2008,,,,,,,,,,,Table 1.  State-to-State Migration Flows*: 2008,,,,,,,,,,,Table 1.  State-to-State Migration Flows*: 2008,,,,,,,,,,,Table 1.  State-to-State Migration Flows*: 2008,,,,,,,,,,,Table 1.  State-to-State Migration Flows*: 2008,,,,,,,,,,,Table 1.  State-to-State Migration Flows*: 2008,,,,,,,,,,,Table 1.  State-to-State Migration Flows*: 2008,,,,
Dataset: 2008 American Community Survey 1-Year Estimates,,,,,,,,,,,Dataset: 2008 American Community Survey 1-Year Estimates,,,,,,,,,,,Dataset: 2008 American Community Survey 1-Year Estimates,,,,,,,,,,,Dataset: 2008 American Community Survey 1-Year Estimates,,,,,,,,,,,Dataset: 2008 American Community Survey 1-Year Estimates,,,,,,,,,,,Dataset: 2008 American Community Survey 1-Year Estimates,,,,,,,,,,,Dataset: 2008 American Community Survey 1-Year Estimates,,,,,,,,,,,Dataset: 2008 American Community Survey 1-Year Estimates,,,,,,,,,,,Dataset: 2008 American Community Survey 1-Year Estimates,,,,,,,,,,,Dataset: 2008 American Community Survey 1-Year Estimates,,,,,,,,,,,Dataset: 2008 American Community Survey 1-Year Estimates,,,,
"Universe: Population 1 year and over who moved within or between states, the District of Columbia, and Puerto Rico",,,,,,,,,,,"Universe: Population 1 year and over who moved within or between states, the District of Columbia, and Puerto Rico",,,,,,,,,,,"Universe: Population 1 year and over who moved within or between states, the District of Columbia, and Puerto Rico",,,,,,,,,,,"Universe: Population 1 year and over who moved within or between states, the District of Columbia, and Puerto Rico",,,,,,,,,,,"Universe: Population 1 year and over who moved within or between states, the District of Columbia, and Puerto Rico",,,,,,,,,,,"Universe: Population 1 year and over who moved within or between states, the District of Columbia, and Puerto Rico",,,,,,,,,,,"Universe: Population 1 year and over who moved within or between states, the District of Columbia, and Puerto Rico",,,,,,,,,,,"Universe: Population 1 year and over who moved within or between states, the District of Columbia, and Puerto Rico",,,,,,,,,,,"Universe: Population 1 year and over who moved within or between states, the District of Columbia, and Puerto Rico",,,,,,,,,,,"Universe: Population 1 year and over who moved within or between states, the District of Columbia, and Puerto Rico",,,,,,,,,,,"Universe: Population 1 year and over who moved within or between states, the District of Columbia, and Puerto Rico",,,,
,,,,,,,,,,,,,,,,,,,,,,,,,,,,,,,,,,,,,,,,,,,,,,,,,,,,,,,,,,,,,,,,,,,,,,,,,,,,,,,,,,,,,,,,,,,,,,,,,,,,,,,,,,,,,,,,,,
Current residence in --,Residence 1 year ago in --,,,,,,,,,,Current residence in --,Residence 1 year ago in --,,,,,,,,,,Current residence in --,Residence 1 year ago in --,,,,,,,,,,Current residence in --,Residence 1 year ago in --,,,,,,,,,,Current residence in --,Residence 1 year ago in --,,,,,,,,,,Current residence in --,Residence 1 year ago in --,,,,,,,,,,Current residence in --,Residence 1 year ago in --,,,,,,,,,,Current residence in --,Residence 1 year ago in --,,,,,,,,,,Current residence in --,Residence 1 year ago in --,,,,,,,,,,Current residence in --,Residence 1 year ago in --,,,,,,,,,,Current residence in --,Residence 1 year ago in --,,,
,Alabama,,Alaska,,Arizona,,Arkansas,,California,,,Colorado,,Connecticut,,Delaware,,District of Columbia ,,Florida,,,Georgia,,Hawaii,,Idaho,,Illinois,,Indiana,,,Iowa,,Kansas,,Kentucky,,Louisiana,,Maine,,,Maryland,,Massachusetts,,Michigan,,Minnesota,,Mississippi,,,Missouri,,Montana,,Nebraska,,Nevada,,New Hampshire,,,New Jersey,,New Mexico,,New York,,North Carolina,,North Dakota,,,Ohio,,Oklahoma,,Oregon,,Pennsylvania,,Puerto Rico,,,Rhode Island,,South Carolina,,South Dakota,,Tennessee,,Texas,,,Utah,,Vermont,,Virginia,,Washington,,West Virginia,,,Wisconsin,,Wyoming,
,Estimate,MOE,Estimate,MOE,Estimate,MOE,Estimate,MOE,Estimate,MOE,,Estimate,MOE,Estimate,MOE,Estimate,MOE,Estimate,MOE,Estimate,MOE,,Estimate,MOE,Estimate,MOE,Estimate,MOE,Estimate,MOE,Estimate,MOE,,Estimate,MOE,Estimate,MOE,Estimate,MOE,Estimate,MOE,Estimate,MOE,,Estimate,MOE,Estimate,MOE,Estimate,MOE,Estimate,MOE,Estimate,MOE,,Estimate,MOE,Estimate,MOE,Estimate,MOE,Estimate,MOE,Estimate,MOE,,Estimate,MOE,Estimate,MOE,Estimate,MOE,Estimate,MOE,Estimate,MOE,,Estimate,MOE,Estimate,MOE,Estimate,MOE,Estimate,MOE,Estimate,MOE,,Estimate,MOE,Estimate,MOE,Estimate,MOE,Estimate,MOE,Estimate,MOE,,Estimate,MOE,Estimate,MOE,Estimate,MOE,Estimate,MOE,Estimate,MOE,,Estimate,MOE,Estimate,MOE
,,,,,,,,,,,,,,,,,,,,,,,,,,,,,,,,,,,,,,,,,,,,,,,,,,,,,,,,,,,,,,,,,,,,,,,,,,,,,,,,,,,,,,,,,,,,,,,,,,,,,,,,,,,,,,,,,,
Alabama,"573,316 ","+/- 20,492","2,912 ","+/- 1,554",896 ,+/- 624,341 ,+/- 304,"4,962 ","+/- 1,922",Alabama,967 ,+/- 973,430 ,+/- 329,"1,628 ","+/- 1,936",0 ,+/- 271,"20,118 ","+/- 4,030",Alabama,"22,022 ","+/- 3,131",980 ,"+/- 1,387",91 ,+/- 119,"2,489 ",+/- 935,"2,671 ","+/- 1,087",Alabama,153 ,+/- 172,552 ,+/- 541,"1,848 ","+/- 1,206","4,376 ","+/- 1,702",65 ,+/- 108,Alabama,941 ,+/- 455,364 ,+/- 244,"4,248 ","+/- 1,638",402 ,+/- 354,"7,068 ","+/- 2,108",Alabama,"1,820 ",+/- 849,272 ,+/- 297,389 ,+/- 452,132 ,+/- 193,76 ,+/- 122,Alabama,"1,285 ",+/- 756,451 ,+/- 402,"3,521 ","+/- 1,273","2,848 ","+/- 1,319",0 ,+/- 271,Alabama,"2,587 ","+/- 1,240","1,204 ",+/- 679,31 ,+/- 56,"1,675 ",+/- 978,647 ,+/- 564,Alabama,0 ,+/- 271,"1,972 ","+/- 1,163",0 ,+/- 271,"8,708 ","+/- 2,400","6,143 ","+/- 1,976",Alabama,917 ,+/- 972,0 ,+/- 271,"2,944 ","+/- 1,689","1,750 ",+/- 968,119 ,+/- 142,Alabama,"1,399 ","+/- 1,137",91 ,+/- 158
Alaska,"1,392 ",+/- 991,"110,205 ","+/- 8,212","1,904 ","+/- 1,086",332 ,+/- 468,"4,951 ","+/- 2,074",Alaska,"1,284 ",+/- 820,26 ,+/- 42,113 ,+/- 160,168 ,+/- 207,"1,350 ",+/- 865,Alaska,891 ,+/- 532,"1,421 ",+/- 920,"1,170 ",+/- 735,457 ,+/- 412,272 ,+/- 254,Alaska,233 ,+/- 182,36 ,+/- 63,368 ,+/- 363,575 ,+/- 618,346 ,+/- 419,Alaska,106 ,+/- 172,293 ,+/- 332,"1,152 ",+/- 656,600 ,+/- 394,138 ,+/- 237,Alaska,"1,006 ","+/- 1,093",365 ,+/- 289,208 ,+/- 316,305 ,+/- 335,0 ,+/- 240,Alaska,0 ,+/- 240,851 ,+/- 557,417 ,+/- 319,"1,153 ",+/- 864,152 ,+/- 246,Alaska,575 ,+/- 383,"1,506 ","+/- 1,281","3,075 ","+/- 1,460","1,526 ","+/- 1,760",0 ,+/- 240,Alaska,58 ,+/- 97,"1,379 ","+/- 1,040",288 ,+/- 365,187 ,+/- 185,"1,753 ","+/- 1,018",Alaska,532 ,+/- 428,0 ,+/- 240,862 ,+/- 712,"3,805 ","+/- 1,404",34 ,+/- 59,Alaska,397 ,+/- 380,195 ,+/- 228
Arizona,"1,028 ",+/- 661,"2,983 ","+/- 1,147","948,400 ","+/- 31,246","1,289 ",+/- 730,"51,020 ","+/- 7,272",Arizona,"9,845 ","+/- 2,579","1,205 ",+/- 828,513 ,+/- 705,235 ,+/- 200,"10,266 ","+/- 2,748",Arizona,"3,413 ","+/- 1,586","2,196 ","+/- 1,666","3,098 ","+/- 1,544","7,106 ","+/- 1,562","4,371 ","+/- 1,312",Arizona,"2,417 ",+/- 982,882 ,+/- 615,"2,490 ","+/- 2,745","1,586 ",+/- 708,951 ,+/- 632,Arizona,"2,395 ","+/- 1,368","2,905 ",+/- 973,"10,781 ","+/- 2,115","9,644 ","+/- 3,848",690 ,+/- 767,Arizona,"4,910 ","+/- 1,671","2,440 ","+/- 1,373","2,674 ","+/- 1,481","9,056 ","+/- 2,683",506 ,+/- 510,Arizona,"2,033 ","+/- 1,240","5,146 ","+/- 1,575","7,506 ","+/- 2,635","5,491 ","+/- 2,491","1,387 ","+/- 1,531",Arizona,"8,274 ","+/- 1,944","1,920 ",+/- 738,"7,820 ","+/- 3,224","5,664 ","+/- 2,085",123 ,+/- 203,Arizona,"1,165 ",+/- 892,"1,347 ","+/- 1,095","1,085 ",+/- 607,"2,299 ","+/- 1,828","12,153 ","+/- 3,328",Arizona,"4,853 ","+/- 1,775",218 ,+/- 162,"3,361 ","+/- 1,298","11,891 ","+/- 2,803",356 ,+/- 274,Arizona,"2,792 ","+/- 1,148","1,701 ",+/- 955
Arkansas,"1,009 ",+/- 784,95 ,+/- 114,"2,872 ","+/- 1,451","414,632 ","+/- 17,258","6,451 ","+/- 2,220",Arkansas,989 ,+/- 617,0 ,+/- 269,0 ,+/- 269,0 ,+/- 269,"3,948 ","+/- 1,405",Arkansas,"1,085 ",+/- 619,381 ,+/- 433,444 ,+/- 574,"4,213 ","+/- 1,925",628 ,+/- 427,Arkansas,"1,063 ",+/- 593,"1,625 ",+/- 853,264 ,+/- 264,"2,696 ","+/- 1,209",76 ,+/- 125,Arkansas,485 ,+/- 481,272 ,+/- 288,"2,847 ","+/- 1,600","2,244 ","+/- 1,755","4,031 ","+/- 1,984",Arkansas,"6,081 ","+/- 1,996",305 ,+/- 509,938 ,+/- 707,581 ,+/- 419,26 ,+/- 53,Arkansas,47 ,+/- 78,822 ,+/- 655,185 ,+/- 176,"1,192 ",+/- 645,38 ,+/- 63,Arkansas,724 ,+/- 658,"6,698 ","+/- 2,097",982 ,+/- 790,554 ,+/- 442,229 ,+/- 329,Arkansas,0 ,+/- 269,"1,174 ","+/- 1,302",56 ,+/- 96,"5,195 ","+/- 1,417","19,551 ","+/- 4,255",Arkansas,52 ,+/- 97,0 ,+/- 269,"2,575 ","+/- 1,355",970 ,+/- 914,458 ,+/- 503,Arkansas,"1,468 ",+/- 820,154 ,+/- 189
California,"2,868 ","+/- 1,167","5,905 ","+/- 2,598","37,873 ","+/- 5,688","4,504 ","+/- 2,438","4,834,704 ","+/- 61,057",California,"19,002 ","+/- 4,370","4,551 ","+/- 1,444",399 ,+/- 370,"2,410 ",+/- 946,"23,036 ","+/- 3,601",California,"8,301 ","+/- 2,289","11,054 ","+/- 2,569","6,333 ","+/- 2,028","21,611 ","+/- 3,669","4,537 ","+/- 1,123",California,"2,880 ","+/- 1,069","4,331 ","+/- 1,726","2,753 ","+/- 1,216","4,792 ","+/- 1,574","2,086 ","+/- 1,065",California,"8,120 ","+/- 2,412","13,523 ","+/- 3,131","10,357 ","+/- 2,664","5,000 ","+/- 1,404","2,529 ","+/- 1,161",California,"8,917 ","+/- 2,789","3,292 ","+/- 1,681","2,402 ","+/- 1,034","31,237 ","+/- 4,395","1,192 ",+/- 580,California,"7,454 ","+/- 2,161","5,753 ","+/- 1,821","28,535 ","+/- 4,647","11,247 ","+/- 1,767",718 ,+/- 632,California,"8,312 ","+/- 2,220","3,059 ","+/- 1,059","20,369 ","+/- 3,127","11,697 ","+/- 2,416","1,487 ",+/- 836,California,"1,223 ",+/- 857,"2,876 ",+/- 912,715 ,+/- 497,"5,670 ","+/- 1,788","42,142 ","+/- 5,418",California,"9,977 ","+/- 2,441",892 ,+/- 547,"13,612 ","+/- 3,015","29,680 ","+/- 4,801","1,372 ",+/- 970,California,"4,705 ","+/- 1,437","1,585 ",+/- 798
,,,,,,,,,,,,,,,,,,,,,,,,,,,,,,,,,,,,,,,,,,,,,,,,,,,,,,,,,,,,,,,,,,,,,,,,,,,,,,,,,,,,,,,,,,,,,,,,,,,,,,,,,,,,,,,,,,
Colorado,"1,243 ","+/- 1,446","3,330 ","+/- 1,808","12,096 ","+/- 3,181",966 ,+/- 638,"28,890 ","+/- 4,526",Colorado,"730,806 ","+/- 20,834",833 ,+/- 365,195 ,+/- 220,61 ,+/- 100,"10,469 ","+/- 3,036",Colorado,"4,467 ","+/- 2,594","1,861 ",+/- 897,"2,090 ","+/- 1,031","5,140 ","+/- 1,348","3,181 ","+/- 1,559",Colorado,"2,420 ","+/- 1,318","6,085 ","+/- 2,840","1,418 ","+/- 1,043","2,068 ","+/- 1,073",597 ,+/- 414,Colorado,"1,039 ",+/- 697,"2,460 ",+/- 968,"3,498 ","+/- 2,141","4,067 ","+/- 1,864",729 ,+/- 775,Colorado,"2,967 ","+/- 1,282","2,405 ","+/- 1,143","3,034 ",+/- 987,"4,453 ","+/- 1,730",525 ,+/- 371,Colorado,"2,966 ","+/- 1,769","8,457 ","+/- 2,265","3,298 ","+/- 1,322","4,566 ","+/- 2,639","1,438 ",+/- 645,Colorado,"3,928 ","+/- 1,514","3,929 ","+/- 1,533","4,028 ","+/- 1,608","3,788 ","+/- 1,124",366 ,+/- 538,Colorado,398 ,+/- 407,"2,930 ","+/- 1,350","1,230 ",+/- 809,"1,665 ","+/- 1,090","18,276 ","+/- 3,024",Colorado,"5,002 ","+/- 1,870",322 ,+/- 249,"3,404 ","+/- 1,143","4,926 ","+/- 1,946",455 ,+/- 453,Colorado,"3,492 ","+/- 1,465","5,234 ","+/- 1,627"
Connecticut,139 ,+/- 161,"1,870 ","+/- 1,338",977 ,+/- 817,0 ,+/- 275,"2,970 ","+/- 1,075",Connecticut,"1,133 ",+/- 796,"329,373 ","+/- 15,685",47 ,+/- 78,267 ,+/- 253,"4,573 ","+/- 1,758",Connecticut,"2,852 ","+/- 1,186",84 ,+/- 118,154 ,+/- 255,"1,296 ",+/- 736,220 ,+/- 246,Connecticut,353 ,+/- 431,63 ,+/- 101,379 ,+/- 504,357 ,+/- 397,"1,410 ",+/- 901,Connecticut,915 ,+/- 735,"11,231 ","+/- 1,968","2,062 ","+/- 1,157",797 ,+/- 510,0 ,+/- 275,Connecticut,307 ,+/- 420,0 ,+/- 275,15 ,+/- 24,141 ,+/- 206,"1,431 ",+/- 695,Connecticut,"4,669 ","+/- 1,459",141 ,+/- 148,"17,271 ","+/- 3,048","1,679 ",+/- 986,0 ,+/- 275,Connecticut,"1,269 ",+/- 830,58 ,+/- 76,58 ,+/- 98,"3,036 ","+/- 1,763","3,690 ","+/- 1,638",Connecticut,"2,758 ","+/- 1,598",978 ,+/- 657,61 ,+/- 103,375 ,+/- 342,"2,261 ","+/- 1,227",Connecticut,61 ,+/- 96,"1,557 ","+/- 1,247","3,606 ","+/- 1,585","1,127 ","+/- 1,107",85 ,+/- 76,Connecticut,"1,342 ",+/- 834,411 ,+/- 367
Delaware,89 ,+/- 155,235 ,+/- 286,180 ,+/- 185,0 ,+/- 263,"1,294 ","+/- 1,147",Delaware,399 ,+/- 407,500 ,+/- 349,"81,102 ","+/- 7,583",168 ,+/- 172,"2,029 ",+/- 806,Delaware,"1,018 ",+/- 712,0 ,+/- 263,0 ,+/- 263,"1,287 ",+/- 973,547 ,+/- 572,Delaware,0 ,+/- 263,73 ,+/- 122,0 ,+/- 263,472 ,+/- 502,58 ,+/- 98,Delaware,"8,322 ","+/- 2,590","1,574 ","+/- 2,067",0 ,+/- 263,51 ,+/- 76,56 ,+/- 96,Delaware,260 ,+/- 326,0 ,+/- 263,0 ,+/- 263,135 ,+/- 228,304 ,+/- 423,Delaware,"3,323 ","+/- 1,808",175 ,+/- 196,"2,966 ","+/- 1,437","1,200 ",+/- 578,758 ,"+/- 1,168",Delaware,86 ,+/- 99,38 ,+/- 64,0 ,+/- 263,"8,892 ","+/- 1,609",406 ,+/- 346,Delaware,0 ,+/- 263,571 ,+/- 530,0 ,+/- 263,170 ,+/- 285,520 ,+/- 348,Delaware,0 ,+/- 263,0 ,+/- 263,"2,983 ","+/- 1,274",550 ,+/- 584,92 ,+/- 145,Delaware,144 ,+/- 235,109 ,+/- 179
District of Columbia ,103 ,+/- 140,230 ,+/- 272,509 ,+/- 476,35 ,+/- 60,"1,688 ",+/- 646,District of Columbia ,360 ,+/- 306,919 ,+/- 634,981 ,+/- 721,"63,313 ","+/- 5,969","1,650 ",+/- 708,District of Columbia ,709 ,+/- 437,355 ,+/- 521,79 ,+/- 135,877 ,+/- 451,137 ,+/- 137,District of Columbia ,139 ,+/- 173,364 ,+/- 360,0 ,+/- 296,484 ,+/- 679,0 ,+/- 296,District of Columbia ,"12,275 ","+/- 2,507","1,523 ",+/- 665,895 ,+/- 778,300 ,+/- 277,91 ,+/- 114,District of Columbia ,179 ,+/- 229,65 ,+/- 108,0 ,+/- 296,0 ,+/- 296,230 ,+/- 191,District of Columbia ,"1,160 ",+/- 628,51 ,+/- 84,"3,974 ","+/- 1,310","1,370 ",+/- 428,0 ,+/- 296,District of Columbia ,966 ,+/- 514,109 ,+/- 122,412 ,+/- 340,"1,880 ",+/- 795,165 ,+/- 135,District of Columbia ,336 ,+/- 249,608 ,+/- 391,0 ,+/- 296,35 ,+/- 59,711 ,+/- 430,District of Columbia ,0 ,+/- 296,0 ,+/- 296,"6,828 ","+/- 1,362",296 ,+/- 302,424 ,+/- 233,District of Columbia ,197 ,+/- 165,0 ,+/- 296
Florida,"13,116 ","+/- 3,282","10,734 ","+/- 4,124","4,501 ","+/- 1,310","4,368 ","+/- 1,971","18,241 ","+/- 4,301",Florida,"8,511 ","+/- 2,987","11,058 ","+/- 1,740","1,680 ",+/- 862,"2,100 ","+/- 1,324","2,332,650 ","+/- 44,001",Florida,"47,089 ","+/- 6,214","1,763 ",+/- 880,"1,911 ",+/- 980,"14,902 ","+/- 3,069","13,681 ","+/- 2,861",Florida,"2,431 ","+/- 1,083","3,928 ","+/- 1,769","5,697 ","+/- 1,721","6,223 ","+/- 1,775","2,845 ",+/- 970,Florida,"10,660 ","+/- 2,445","15,203 ","+/- 2,762","19,062 ","+/- 3,351","4,374 ","+/- 1,765","3,751 ","+/- 1,513",Florida,"4,673 ","+/- 1,631",538 ,+/- 542,612 ,+/- 537,"2,938 ","+/- 1,771","2,213 ",+/- 947,Florida,"26,070 ","+/- 4,342","2,806 ","+/- 1,404","57,995 ","+/- 7,414","22,320 ","+/- 3,711",227 ,+/- 284,Florida,"23,501 ","+/- 5,278","3,548 ","+/- 1,503","3,286 ","+/- 1,343","21,401 ","+/- 2,925","15,862 ","+/- 3,160",Florida,"2,371 ","+/- 1,122","7,876 ","+/- 2,197","1,931 ","+/- 1,608","10,889 ","+/- 2,472","25,181 ","+/- 3,976",Florida,"1,185 ",+/- 738,"2,283 ","+/- 1,376","23,510 ","+/- 4,110","6,198 ","+/- 2,807","2,179 ",+/- 822,Florida,"5,633 ","+/- 1,987",495 ,+/- 429
,,,,,,,,,,,,,,,,,,,,,,,,,,,,,,,,,,,,,,,,,,,,,,,,,,,,,,,,,,,,,,,,,,,,,,,,,,,,,,,,,,,,,,,,,,,,,,,,,,,,,,,,,,,,,,,,,,
Georgia,"20,484 ","+/- 4,348","2,734 ","+/- 1,543","4,337 ","+/- 1,984","2,193 ","+/- 1,229","14,254 ","+/- 3,138",Georgia,"2,724 ","+/- 1,077","2,106 ","+/- 1,543",438 ,+/- 319,"2,248 ","+/- 1,450","49,921 ","+/- 6,422",Georgia,"1,321,837 ","+/- 32,053","1,167 ",+/- 722,"1,590 ","+/- 1,062","10,721 ","+/- 4,025","3,932 ","+/- 1,349",Georgia,"2,108 ","+/- 1,065","1,486 ",+/- 797,"3,726 ","+/- 1,514","7,971 ","+/- 3,124",107 ,+/- 131,Georgia,"5,157 ","+/- 2,289","5,234 ","+/- 2,304","7,049 ","+/- 2,322","1,481 ",+/- 619,"4,020 ","+/- 1,549",Georgia,"3,889 ","+/- 1,936",234 ,+/- 262,915 ,+/- 642,806 ,+/- 479,808 ,+/- 658,Georgia,"8,398 ","+/- 2,504",827 ,+/- 621,"19,851 ","+/- 4,720","16,136 ","+/- 3,467",301 ,+/- 290,Georgia,"8,167 ","+/- 2,580","2,269 ","+/- 1,147","1,019 ",+/- 708,"7,752 ","+/- 1,992","1,465 ","+/- 1,045",Georgia,340 ,+/- 275,"14,310 ","+/- 3,084",280 ,+/- 394,"12,138 ","+/- 2,877","17,148 ","+/- 3,963",Georgia,682 ,+/- 594,341 ,+/- 467,"8,531 ","+/- 2,631","2,626 ","+/- 1,268","1,460 ","+/- 1,521",Georgia,"2,623 ","+/- 1,273",550 ,+/- 525
Hawaii,502 ,+/- 572,"1,050 ","+/- 1,127","2,669 ","+/- 2,393","1,322 ","+/- 1,153","12,820 ","+/- 3,207",Hawaii,"1,273 ",+/- 811,123 ,+/- 142,0 ,+/- 275,0 ,+/- 275,"2,761 ","+/- 1,294",Hawaii,"1,639 ","+/- 1,736","129,678 ","+/- 10,400",564 ,+/- 629,123 ,+/- 133,217 ,+/- 212,Hawaii,52 ,+/- 90,397 ,+/- 590,339 ,+/- 274,143 ,+/- 140,370 ,+/- 410,Hawaii,"1,811 ",+/- 940,283 ,+/- 309,520 ,+/- 431,949 ,"+/- 1,071",274 ,+/- 283,Hawaii,389 ,+/- 440,151 ,+/- 239,0 ,+/- 275,"1,338 ",+/- 648,428 ,+/- 400,Hawaii,762 ,+/- 665,165 ,+/- 161,933 ,+/- 616,"2,346 ","+/- 1,803",0 ,+/- 275,Hawaii,571 ,+/- 493,"1,248 ","+/- 1,126",388 ,+/- 319,"1,602 ","+/- 1,166",209 ,+/- 286,Hawaii,562 ,+/- 996,433 ,+/- 323,137 ,+/- 230,104 ,+/- 179,"3,571 ","+/- 1,533",Hawaii,442 ,+/- 502,128 ,+/- 227,"4,045 ","+/- 2,124","4,254 ","+/- 1,766",42 ,+/- 71,Hawaii,748 ,+/- 759,503 ,+/- 803
Idaho,80 ,+/- 136,"1,390 ",+/- 882,"2,109 ","+/- 1,025",751 ,+/- 749,"10,492 ","+/- 3,079",Idaho,746 ,+/- 608,233 ,+/- 225,0 ,+/- 259,0 ,+/- 259,"1,049 ",+/- 690,Idaho,"1,428 ",+/- 872,60 ,+/- 103,"222,369 ","+/- 11,359","1,691 ","+/- 1,030",219 ,+/- 275,Idaho,425 ,+/- 387,578 ,+/- 736,62 ,+/- 108,314 ,+/- 258,0 ,+/- 259,Idaho,216 ,+/- 215,424 ,+/- 583,779 ,+/- 988,"1,554 ","+/- 1,023",19 ,+/- 34,Idaho,140 ,+/- 247,"2,025 ","+/- 1,012",82 ,+/- 125,"2,390 ",+/- 862,26 ,+/- 48,Idaho,0 ,+/- 259,904 ,+/- 625,814 ,+/- 582,507 ,+/- 421,611 ,+/- 491,Idaho,288 ,+/- 357,393 ,+/- 512,"7,300 ","+/- 2,512",288 ,+/- 264,163 ,+/- 232,Idaho,0 ,+/- 259,0 ,+/- 259,408 ,+/- 365,129 ,+/- 212,"1,125 ",+/- 573,Idaho,"10,142 ","+/- 3,004",288 ,+/- 393,325 ,+/- 317,"9,480 ","+/- 2,038",0 ,+/- 259,Idaho,547 ,+/- 427,"1,960 ","+/- 1,221"
Illinois,"2,029 ","+/- 1,207","1,694 ",+/- 985,"4,746 ","+/- 1,562","2,131 ",+/- 829,"20,722 ","+/- 4,268",Illinois,"4,755 ","+/- 1,893","1,404 ",+/- 675,218 ,+/- 154,"1,134 ",+/- 594,"14,444 ","+/- 2,698",Illinois,"6,446 ","+/- 1,877","2,682 ","+/- 1,296",468 ,+/- 284,"1,444,410 ","+/- 31,867","22,369 ","+/- 3,876",Illinois,"12,054 ","+/- 2,781","3,067 ","+/- 1,173","3,735 ","+/- 1,747","1,183 ",+/- 632,958 ,+/- 553,Illinois,"2,067 ",+/- 778,"3,127 ","+/- 1,497","13,892 ","+/- 2,871","3,956 ","+/- 1,255","2,844 ","+/- 1,915",Illinois,"14,256 ","+/- 2,785",184 ,+/- 212,"1,031 ",+/- 592,"1,001 ",+/- 459,125 ,+/- 156,Illinois,"2,738 ","+/- 2,050",593 ,+/- 401,"6,620 ","+/- 1,697","3,611 ","+/- 1,523",536 ,+/- 437,Illinois,"7,379 ","+/- 2,051","1,937 ",+/- 939,"1,171 ",+/- 643,"3,511 ","+/- 1,336","2,478 ","+/- 1,425",Illinois,283 ,+/- 187,"1,205 ",+/- 716,138 ,+/- 182,"4,054 ","+/- 1,272","11,031 ","+/- 2,592",Illinois,"1,376 ",+/- 934,63 ,+/- 155,"6,530 ","+/- 1,964","3,383 ","+/- 1,445",578 ,+/- 338,Illinois,"16,722 ","+/- 3,677",67 ,+/- 118
Indiana,713 ,+/- 352,509 ,+/- 507,"4,590 ","+/- 1,928",935 ,+/- 715,"7,951 ","+/- 2,114",Indiana,"2,774 ","+/- 1,376",967 ,+/- 790,0 ,+/- 265,285 ,+/- 410,"9,183 ","+/- 2,394",Indiana,"4,292 ","+/- 1,429",361 ,+/- 347,373 ,+/- 491,"34,358 ","+/- 5,085","832,734 ","+/- 24,796",Indiana,735 ,+/- 417,733 ,+/- 474,"11,707 ","+/- 3,304","1,566 ","+/- 1,055",146 ,+/- 219,Indiana,"2,614 ","+/- 1,754","1,080 ",+/- 793,"13,820 ","+/- 2,757",903 ,+/- 503,"1,519 ",+/- 964,Indiana,"4,007 ","+/- 1,434",280 ,+/- 314,625 ,+/- 468,"1,347 ",+/- 939,617 ,+/- 479,Indiana,"1,309 ",+/- 444,817 ,+/- 587,"3,395 ","+/- 1,151","2,443 ",+/- 901,182 ,+/- 279,Indiana,"15,522 ","+/- 2,976",489 ,+/- 483,"1,972 ","+/- 1,685","4,779 ","+/- 2,960",190 ,+/- 181,Indiana,71 ,+/- 116,"2,910 ","+/- 1,499",265 ,+/- 337,"3,236 ","+/- 1,142","4,633 ","+/- 1,605",Indiana,599 ,+/- 361,101 ,+/- 159,"2,626 ","+/- 1,050","1,644 ",+/- 802,"1,255 ",+/- 594,Indiana,"3,637 ","+/- 1,391",0 ,+/- 265
,,,,,,,,,,,,,,,,,,,,,,,,,,,,,,,,,,,,,,,,,,,,,,,,,,,,,,,,,,,,,,,,,,,,,,,,,,,,,,,,,,,,,,,,,,,,,,,,,,,,,,,,,,,,,,,,,,
Iowa,219 ,+/- 255,578 ,+/- 311,"1,749 ",+/- 852,"3,309 ","+/- 2,503","3,019 ",+/- 965,Iowa,"1,448 ",+/- 636,565 ,+/- 448,171 ,+/- 288,60 ,+/- 100,"2,487 ",+/- 906,Iowa,"1,207 ",+/- 687,101 ,+/- 169,303 ,+/- 384,"14,874 ","+/- 2,595","1,662 ","+/- 1,097",Iowa,"402,934 ","+/- 14,151","2,386 ","+/- 1,019",516 ,+/- 368,"1,327 ",+/- 684,19 ,+/- 44,Iowa,117 ,+/- 147,406 ,+/- 296,"1,472 ",+/- 638,"4,976 ","+/- 1,286",217 ,+/- 270,Iowa,"4,620 ","+/- 1,402",387 ,+/- 601,"8,085 ","+/- 2,166",419 ,+/- 263,0 ,+/- 226,Iowa,292 ,+/- 225,244 ,+/- 261,"1,156 ",+/- 859,"1,214 ",+/- 757,927 ,+/- 836,Iowa,430 ,+/- 371,"1,133 ",+/- 757,"1,040 ",+/- 926,430 ,+/- 359,342 ,+/- 328,Iowa,0 ,+/- 226,494 ,+/- 450,"1,817 ",+/- 822,"1,483 ","+/- 1,610","6,148 ","+/- 1,611",Iowa,"1,140 ",+/- 764,0 ,+/- 226,"1,075 ",+/- 692,533 ,+/- 380,0 ,+/- 226,Iowa,"2,816 ",+/- 883,235 ,+/- 256
Kansas,"1,704 ","+/- 1,502",283 ,+/- 291,"2,831 ","+/- 1,665","1,873 ",+/- 978,"6,118 ","+/- 2,021",Kansas,"6,726 ","+/- 1,946",372 ,+/- 361,0 ,+/- 244,0 ,+/- 244,"3,641 ","+/- 1,472",Kansas,"1,369 ",+/- 764,489 ,+/- 754,192 ,+/- 177,"3,411 ","+/- 1,512","1,380 ",+/- 817,Kansas,"2,796 ","+/- 1,795","377,844 ","+/- 15,274","2,353 ","+/- 1,619",923 ,+/- 789,593 ,+/- 683,Kansas,244 ,+/- 285,882 ,+/- 650,"1,624 ",+/- 872,822 ,+/- 573,496 ,+/- 467,Kansas,"21,252 ","+/- 3,536",176 ,+/- 204,"4,961 ","+/- 1,400",928 ,+/- 811,0 ,+/- 244,Kansas,915 ,+/- 686,"1,416 ","+/- 1,032",809 ,+/- 494,"1,772 ","+/- 1,115",74 ,+/- 106,Kansas,"1,134 ",+/- 714,"7,020 ","+/- 2,036",271 ,+/- 250,463 ,+/- 549,0 ,+/- 244,Kansas,0 ,+/- 244,"1,341 ","+/- 1,731",419 ,+/- 293,"1,828 ","+/- 1,316","7,399 ","+/- 2,147",Kansas,792 ,+/- 640,190 ,+/- 270,"2,267 ","+/- 1,767","1,966 ",+/- 928,205 ,+/- 278,Kansas,"1,210 ",+/- 619,380 ,+/- 459
Kentucky,"1,312 ",+/- 634,591 ,+/- 489,294 ,+/- 435,879 ,+/- 752,"3,605 ","+/- 1,086",Kentucky,872 ,+/- 586,290 ,+/- 263,250 ,+/- 275,108 ,+/- 115,"11,028 ","+/- 2,827",Kentucky,"3,634 ","+/- 1,410",838 ,+/- 758,78 ,+/- 141,"5,355 ","+/- 1,566","10,312 ","+/- 2,994",Kentucky,307 ,+/- 247,"2,836 ","+/- 1,723","525,320 ","+/- 16,242",680 ,+/- 629,432 ,+/- 393,Kentucky,"2,143 ","+/- 1,220",695 ,+/- 454,"4,866 ","+/- 1,708",563 ,+/- 335,817 ,+/- 502,Kentucky,"2,599 ",+/- 981,59 ,+/- 97,153 ,+/- 229,521 ,+/- 338,202 ,+/- 298,Kentucky,700 ,+/- 417,297 ,+/- 312,"2,922 ","+/- 1,123","2,004 ",+/- 909,0 ,+/- 271,Kentucky,"16,644 ","+/- 3,200",693 ,+/- 469,938 ,+/- 537,872 ,+/- 575,280 ,+/- 248,Kentucky,0 ,+/- 271,"1,620 ",+/- 637,79 ,+/- 133,"10,709 ","+/- 2,914","4,796 ","+/- 1,519",Kentucky,"1,083 ",+/- 679,794 ,+/- 674,"2,227 ","+/- 1,184","1,766 ","+/- 1,186","1,506 ",+/- 828,Kentucky,"1,236 ",+/- 651,250 ,+/- 408
Louisiana,"2,178 ",+/- 967,435 ,+/- 308,"1,469 ","+/- 1,058","3,832 ","+/- 1,800","6,616 ","+/- 2,433",Louisiana,"2,276 ","+/- 1,363",577 ,+/- 556,571 ,+/- 574,452 ,+/- 433,"5,443 ","+/- 1,807",Louisiana,"5,007 ","+/- 2,203",282 ,+/- 296,85 ,+/- 143,"2,301 ","+/- 1,239",845 ,+/- 475,Louisiana,833 ,+/- 828,"1,950 ","+/- 1,419",884 ,+/- 569,"544,587 ","+/- 21,805",58 ,+/- 99,Louisiana,"1,370 ","+/- 1,030",342 ,+/- 268,"1,868 ",+/- 739,197 ,+/- 201,"9,782 ","+/- 2,749",Louisiana,"1,409 ",+/- 722,574 ,+/- 565,125 ,+/- 228,"1,558 ","+/- 1,126",0 ,+/- 277,Louisiana,"1,853 ","+/- 1,894",93 ,+/- 108,"1,734 ",+/- 707,"3,217 ","+/- 1,667",0 ,+/- 277,Louisiana,"1,853 ",+/- 797,"2,120 ",+/- 951,654 ,+/- 630,751 ,+/- 487,670 ,+/- 617,Louisiana,233 ,+/- 337,"2,132 ","+/- 1,459",0 ,+/- 277,"2,488 ",+/- 949,"34,597 ","+/- 5,292",Louisiana,36 ,+/- 69,101 ,+/- 159,"1,597 ",+/- 995,873 ,+/- 742,214 ,+/- 318,Louisiana,"1,560 ","+/- 1,668","1,307 ","+/- 1,470"
Maine,446 ,+/- 480,417 ,+/- 530,476 ,+/- 585,0 ,+/- 228,"2,115 ",+/- 750,Maine,"1,000 ",+/- 851,"2,067 ",+/- 967,0 ,+/- 228,203 ,+/- 179,"3,273 ","+/- 1,125",Maine,544 ,+/- 494,0 ,+/- 228,0 ,+/- 228,394 ,+/- 242,127 ,+/- 61,Maine,92 ,+/- 149,251 ,+/- 110,313 ,+/- 362,90 ,+/- 87,"152,539 ","+/- 9,476",Maine,435 ,+/- 361,"3,466 ","+/- 1,226",340 ,+/- 426,431 ,+/- 323,0 ,+/- 228,Maine,0 ,+/- 228,0 ,+/- 228,53 ,+/- 87,120 ,+/- 119,"6,443 ","+/- 1,957",Maine,519 ,+/- 384,239 ,+/- 277,"1,741 ",+/- 819,"1,273 ",+/- 702,58 ,+/- 95,Maine,505 ,+/- 423,661 ,+/- 464,113 ,+/- 128,805 ,+/- 607,836 ,"+/- 1,093",Maine,313 ,+/- 255,89 ,+/- 118,56 ,+/- 96,72 ,+/- 93,"1,070 ",+/- 555,Maine,264 ,+/- 384,"1,682 ","+/- 1,290",989 ,+/- 651,76 ,+/- 93,0 ,+/- 228,Maine,0 ,+/- 228,0 ,+/- 228
,,,,,,,,,,,,,,,,,,,,,,,,,,,,,,,,,,,,,,,,,,,,,,,,,,,,,,,,,,,,,,,,,,,,,,,,,,,,,,,,,,,,,,,,,,,,,,,,,,,,,,,,,,,,,,,,,,
Maryland,"1,868 ","+/- 1,393","1,897 ","+/- 1,059","2,399 ",+/- 980,601 ,+/- 597,"6,281 ","+/- 2,151",Maryland,"1,221 ",+/- 619,"2,259 ","+/- 1,298","6,285 ","+/- 2,227","23,530 ","+/- 4,408","8,690 ","+/- 2,131",Maryland,"4,946 ","+/- 1,937",82 ,+/- 138,76 ,+/- 98,"2,010 ",+/- 830,"1,079 ",+/- 756,Maryland,676 ,+/- 542,695 ,+/- 568,532 ,+/- 432,"1,025 ",+/- 758,"1,256 ","+/- 1,133",Maryland,"543,559 ","+/- 19,814","3,320 ","+/- 1,100","2,021 ","+/- 1,032",673 ,+/- 582,559 ,+/- 468,Maryland,622 ,+/- 531,75 ,+/- 120,316 ,+/- 291,246 ,+/- 257,43 ,+/- 73,Maryland,"5,656 ","+/- 1,417",478 ,+/- 410,"10,735 ","+/- 2,410","6,562 ","+/- 1,887",0 ,+/- 281,Maryland,"2,473 ","+/- 1,113",728 ,+/- 755,253 ,+/- 246,"14,072 ","+/- 3,551","1,784 ","+/- 1,158",Maryland,595 ,+/- 441,"2,675 ","+/- 1,285",219 ,+/- 332,"4,034 ","+/- 2,258","5,967 ","+/- 2,387",Maryland,"1,383 ",+/- 855,424 ,+/- 395,"20,927 ","+/- 3,719",979 ,+/- 550,"4,487 ","+/- 1,448",Maryland,931 ,+/- 495,0 ,+/- 281
Massachusetts,870 ,+/- 624,802 ,+/- 658,824 ,+/- 465,350 ,+/- 448,"13,614 ","+/- 2,552",Massachusetts,"1,993 ","+/- 1,087","11,156 ","+/- 2,525",248 ,+/- 296,"1,207 ",+/- 714,"14,665 ","+/- 3,445",Massachusetts,"2,708 ","+/- 1,340",320 ,+/- 216,0 ,+/- 281,"5,173 ","+/- 1,794","1,415 ",+/- 807,Massachusetts,339 ,+/- 306,238 ,+/- 259,308 ,+/- 285,673 ,+/- 551,"3,534 ","+/- 1,084",Massachusetts,"4,549 ","+/- 1,737","674,326 ","+/- 19,149","1,458 ",+/- 645,"1,855 ",+/- 793,244 ,+/- 241,Massachusetts,935 ,+/- 836,45 ,+/- 77,86 ,+/- 144,137 ,+/- 140,"11,816 ","+/- 2,045",Massachusetts,"8,051 ","+/- 1,976",130 ,+/- 155,"19,088 ","+/- 2,845","4,339 ","+/- 1,673",0 ,+/- 281,Massachusetts,"1,413 ",+/- 748,509 ,+/- 358,501 ,+/- 679,"4,800 ","+/- 1,455","6,122 ","+/- 2,290",Massachusetts,"9,874 ","+/- 2,108","1,353 ",+/- 966,0 ,+/- 281,"1,572 ",+/- 898,"4,677 ","+/- 1,854",Massachusetts,"1,038 ",+/- 680,"2,174 ",+/- 763,"3,383 ","+/- 1,130","1,598 ",+/- 730,458 ,+/- 484,Massachusetts,806 ,+/- 459,0 ,+/- 281
Michigan,"2,126 ","+/- 1,531","2,281 ","+/- 1,161","4,058 ","+/- 1,502","1,329 ","+/- 1,089","5,387 ","+/- 1,259",Michigan,"2,039 ",+/- 722,"2,119 ","+/- 1,176",54 ,+/- 90,815 ,+/- 564,"14,160 ","+/- 2,594",Michigan,"2,061 ",+/- 772,672 ,+/- 416,671 ,+/- 497,"10,546 ","+/- 1,811","6,365 ","+/- 1,563",Michigan,899 ,+/- 444,592 ,+/- 449,"1,227 ",+/- 606,"1,843 ","+/- 1,236",354 ,+/- 250,Michigan,"2,986 ","+/- 1,419","2,373 ","+/- 1,312","1,299,718 ","+/- 29,912","2,057 ","+/- 1,000",693 ,+/- 622,Michigan,"1,450 ",+/- 603,229 ,+/- 241,299 ,+/- 287,998 ,+/- 670,57 ,+/- 91,Michigan,"1,228 ",+/- 706,506 ,+/- 384,"4,945 ","+/- 1,373","5,273 ","+/- 2,601",68 ,+/- 87,Michigan,"12,330 ","+/- 2,855","2,348 ","+/- 1,708",240 ,+/- 232,"4,077 ","+/- 1,267","1,952 ","+/- 1,573",Michigan,0 ,+/- 242,"2,079 ","+/- 1,463",0 ,+/- 242,"3,280 ","+/- 1,194","6,168 ","+/- 1,876",Michigan,"1,298 ",+/- 783,193 ,+/- 226,"2,793 ","+/- 1,470",695 ,+/- 705,"1,056 ",+/- 561,Michigan,"6,283 ","+/- 1,832",140 ,+/- 213
Minnesota,265 ,+/- 268,562 ,+/- 410,"2,382 ",+/- 993,784 ,+/- 837,"5,868 ","+/- 1,324",Minnesota,"2,893 ","+/- 1,055",819 ,+/- 642,0 ,+/- 211,659 ,+/- 783,"4,053 ","+/- 1,449",Minnesota,"1,023 ",+/- 520,274 ,+/- 381,700 ,+/- 526,"6,715 ","+/- 1,418","1,484 ",+/- 808,Minnesota,"4,776 ","+/- 1,223","2,024 ",+/- 972,438 ,+/- 291,366 ,+/- 398,264 ,+/- 392,Minnesota,429 ,+/- 410,498 ,+/- 322,"3,502 ","+/- 1,043","604,184 ","+/- 16,706",99 ,+/- 121,Minnesota,"2,514 ","+/- 1,763",669 ,+/- 373,"1,423 ",+/- 680,778 ,+/- 725,112 ,+/- 138,Minnesota,573 ,+/- 424,222 ,+/- 237,"2,536 ",+/- 967,"1,295 ",+/- 767,"6,374 ","+/- 1,170",Minnesota,"1,754 ",+/- 751,479 ,+/- 375,810 ,+/- 528,"1,377 ",+/- 949,351 ,+/- 262,Minnesota,307 ,+/- 305,475 ,+/- 312,"4,972 ","+/- 1,387","1,240 ",+/- 726,"4,790 ","+/- 1,273",Minnesota,"1,646 ",+/- 861,13 ,+/- 23,"2,138 ","+/- 1,149","2,602 ","+/- 1,222",234 ,+/- 368,Minnesota,"17,108 ","+/- 2,699",188 ,+/- 230
Mississippi,"5,284 ","+/- 2,051",294 ,+/- 385,676 ,+/- 635,"2,434 ","+/- 1,239","2,691 ","+/- 1,649",Mississippi,359 ,+/- 257,104 ,+/- 175,6 ,+/- 10,0 ,+/- 287,"4,306 ","+/- 1,402",Mississippi,"3,837 ","+/- 1,722",781 ,+/- 835,0 ,+/- 287,"3,985 ","+/- 1,320","1,112 ",+/- 906,Mississippi,0 ,+/- 287,222 ,+/- 230,"1,122 ",+/- 903,"10,296 ","+/- 2,549",0 ,+/- 287,Mississippi,0 ,+/- 287,362 ,+/- 301,"2,510 ","+/- 1,238",949 ,+/- 841,"362,397 ","+/- 16,471",Mississippi,"1,577 ",+/- 954,472 ,+/- 642,0 ,+/- 287,418 ,+/- 380,60 ,+/- 100,Mississippi,115 ,+/- 140,145 ,+/- 187,778 ,+/- 382,944 ,+/- 705,0 ,+/- 287,Mississippi,"1,619 ","+/- 1,133",796 ,+/- 555,171 ,+/- 205,"1,320 ",+/- 860,101 ,+/- 78,Mississippi,237 ,+/- 419,480 ,+/- 349,864 ,"+/- 1,110","10,273 ","+/- 2,655","5,024 ","+/- 1,942",Mississippi,"1,409 ","+/- 1,383",0 ,+/- 287,"3,321 ","+/- 2,080",459 ,+/- 576,379 ,+/- 436,Mississippi,757 ,+/- 455,0 ,+/- 287
,,,,,,,,,,,,,,,,,,,,,,,,,,,,,,,,,,,,,,,,,,,,,,,,,,,,,,,,,,,,,,,,,,,,,,,,,,,,,,,,,,,,,,,,,,,,,,,,,,,,,,,,,,,,,,,,,,
Missouri,"1,419 ",+/- 780,922 ,+/- 623,"2,865 ","+/- 1,122","6,799 ","+/- 1,512","8,248 ","+/- 1,823",Missouri,"4,457 ","+/- 1,854",134 ,+/- 148,"1,000 ","+/- 1,094",94 ,+/- 116,"7,140 ","+/- 2,334",Missouri,"5,278 ","+/- 2,251",869 ,+/- 905,356 ,+/- 305,"20,865 ","+/- 3,431","3,117 ","+/- 1,205",Missouri,"5,229 ","+/- 1,921","18,794 ","+/- 2,773","1,425 ",+/- 954,"1,584 ",+/- 888,292 ,+/- 300,Missouri,"1,052 ",+/- 476,694 ,+/- 730,"5,135 ","+/- 2,163","2,632 ","+/- 1,335","1,602 ",+/- 906,Missouri,"814,514 ","+/- 22,131",336 ,+/- 298,"1,991 ",+/- 846,604 ,+/- 357,179 ,+/- 163,Missouri,658 ,+/- 413,153 ,+/- 175,"2,565 ",+/- 973,"5,213 ","+/- 3,022","1,575 ","+/- 1,566",Missouri,"2,499 ",+/- 926,"5,271 ","+/- 1,698",809 ,+/- 467,"1,302 ",+/- 678,135 ,+/- 128,Missouri,101 ,+/- 120,907 ,+/- 560,54 ,+/- 92,"3,307 ","+/- 1,393","15,983 ","+/- 3,192",Missouri,"1,095 ",+/- 636,622 ,+/- 513,"2,080 ",+/- 774,"2,368 ","+/- 1,203",646 ,+/- 673,Missouri,"1,992 ","+/- 1,048","1,382 ","+/- 1,030"
Montana,80 ,+/- 109,893 ,+/- 682,"1,986 ",+/- 929,"1,175 ","+/- 1,053","5,689 ","+/- 2,095",Montana,"2,044 ",+/- 774,127 ,+/- 234,0 ,+/- 235,36 ,+/- 62,392 ,+/- 402,Montana,782 ,+/- 726,0 ,+/- 235,"3,190 ","+/- 1,627",861 ,+/- 561,165 ,+/- 212,Montana,592 ,+/- 490,190 ,+/- 183,495 ,+/- 589,171 ,+/- 274,211 ,+/- 322,Montana,201 ,+/- 195,564 ,+/- 912,"1,307 ",+/- 897,859 ,+/- 508,127 ,+/- 191,Montana,"1,120 ",+/- 759,"119,342 ","+/- 8,833",323 ,+/- 473,"1,286 ",+/- 731,0 ,+/- 235,Montana,387 ,+/- 629,106 ,+/- 113,265 ,+/- 264,843 ,+/- 700,"1,248 ",+/- 662,Montana,429 ,+/- 373,164 ,+/- 152,"2,102 ","+/- 1,263",213 ,+/- 265,75 ,+/- 125,Montana,0 ,+/- 235,241 ,+/- 284,580 ,+/- 595,325 ,+/- 295,"1,578 ",+/- 767,Montana,556 ,+/- 513,0 ,+/- 235,640 ,+/- 523,"6,571 ","+/- 1,850","1,157 ","+/- 1,262",Montana,"1,235 ",+/- 836,813 ,+/- 482
Nebraska,260 ,+/- 299,747 ,"+/- 1,197","2,197 ","+/- 1,444",53 ,+/- 88,"4,552 ","+/- 1,649",Nebraska,"3,639 ","+/- 1,089",0 ,+/- 221,43 ,+/- 72,286 ,+/- 331,"2,380 ",+/- 888,Nebraska,770 ,+/- 571,312 ,+/- 355,77 ,+/- 88,"1,826 ",+/- 819,393 ,+/- 470,Nebraska,"5,981 ","+/- 1,548","3,463 ","+/- 1,464",236 ,+/- 363,180 ,+/- 213,53 ,+/- 89,Nebraska,376 ,+/- 381,152 ,+/- 176,558 ,+/- 450,"1,932 ","+/- 1,235",271 ,+/- 297,Nebraska,"3,698 ","+/- 1,501",123 ,+/- 153,"239,842 ","+/- 11,740",93 ,+/- 175,60 ,+/- 99,Nebraska,760 ,"+/- 1,004",180 ,+/- 179,924 ,+/- 781,922 ,+/- 596,500 ,+/- 533,Nebraska,"1,166 ",+/- 811,"1,386 ","+/- 1,119",346 ,+/- 325,297 ,+/- 258,207 ,+/- 283,Nebraska,444 ,+/- 527,427 ,+/- 392,"1,016 ",+/- 591,763 ,+/- 614,"2,981 ","+/- 1,157",Nebraska,264 ,+/- 222,0 ,+/- 221,481 ,+/- 406,820 ,+/- 643,147 ,+/- 239,Nebraska,"1,110 ","+/- 1,212",456 ,+/- 310
Nevada,"1,601 ","+/- 2,399",749 ,+/- 534,"6,368 ","+/- 2,027",267 ,+/- 360,"42,732 ","+/- 5,884",Nevada,"1,614 ",+/- 826,514 ,+/- 389,72 ,+/- 118,120 ,+/- 140,"5,117 ","+/- 2,333",Nevada,"2,340 ","+/- 1,499","3,098 ","+/- 1,222","1,427 ",+/- 708,"4,630 ","+/- 2,508","1,469 ","+/- 1,070",Nevada,255 ,+/- 328,593 ,+/- 591,419 ,+/- 399,"1,428 ","+/- 1,247",0 ,+/- 300,Nevada,"1,045 ",+/- 941,685 ,+/- 503,"3,513 ","+/- 2,159",997 ,+/- 562,303 ,+/- 429,Nevada,"1,119 ",+/- 810,703 ,+/- 568,594 ,+/- 601,"400,779 ","+/- 19,092",169 ,+/- 278,Nevada,962 ,+/- 661,750 ,+/- 461,"4,150 ","+/- 1,736",890 ,+/- 596,202 ,+/- 258,Nevada,"5,032 ","+/- 2,281","1,509 ","+/- 1,407","2,709 ","+/- 1,366",781 ,+/- 534,148 ,+/- 245,Nevada,0 ,+/- 300,64 ,+/- 105,486 ,+/- 537,784 ,+/- 505,"5,854 ","+/- 2,606",Nevada,"4,579 ","+/- 2,006",54 ,+/- 91,"1,667 ",+/- 806,"4,024 ","+/- 2,253",73 ,+/- 120,Nevada,"1,159 ",+/- 610,229 ,+/- 278
New Hampshire,0 ,+/- 253,750 ,+/- 758,"1,786 ",+/- 979,0 ,+/- 253,"1,534 ",+/- 838,New Hampshire,279 ,+/- 269,"2,830 ","+/- 1,036",72 ,+/- 129,310 ,+/- 332,"4,464 ","+/- 2,136",New Hampshire,695 ,+/- 652,0 ,+/- 253,0 ,+/- 253,296 ,+/- 353,227 ,+/- 249,New Hampshire,0 ,+/- 253,0 ,+/- 253,230 ,+/- 229,0 ,+/- 253,"3,633 ","+/- 1,250",New Hampshire,"1,018 ",+/- 649,"14,669 ","+/- 2,875",429 ,+/- 472,171 ,+/- 284,0 ,+/- 253,New Hampshire,99 ,+/- 116,0 ,+/- 253,217 ,+/- 290,279 ,+/- 237,"120,242 ","+/- 7,758",New Hampshire,784 ,+/- 448,668 ,"+/- 1,030","1,740 ",+/- 705,773 ,+/- 704,0 ,+/- 253,New Hampshire,"1,048 ",+/- 804,0 ,+/- 253,468 ,+/- 597,550 ,+/- 483,0 ,+/- 253,New Hampshire,553 ,+/- 567,574 ,+/- 533,0 ,+/- 253,116 ,+/- 138,412 ,+/- 319,New Hampshire,200 ,+/- 258,"3,623 ","+/- 1,269",491 ,+/- 341,0 ,+/- 253,0 ,+/- 253,New Hampshire,257 ,+/- 251,0 ,+/- 253
,,,,,,,,,,,,,,,,,,,,,,,,,,,,,,,,,,,,,,,,,,,,,,,,,,,,,,,,,,,,,,,,,,,,,,,,,,,,,,,,,,,,,,,,,,,,,,,,,,,,,,,,,,,,,,,,,,
Current residence in --,Residence 1 year ago in --,,,,,,,,,,Current residence in --,Residence 1 year ago in --,,,,,,,,,,Current residence in --,Residence 1 year ago in --,,,,,,,,,,Current residence in --,Residence 1 year ago in --,,,,,,,,,,Current residence in --,Residence 1 year ago in --,,,,,,,,,,Current residence in --,Residence 1 year ago in --,,,,,,,,,,Current residence in --,Residence 1 year ago in --,,,,,,,,,,Current residence in --,Residence 1 year ago in --,,,,,,,,,,Current residence in --,Residence 1 year ago in --,,,,,,,,,,Current residence in --,Residence 1 year ago in --,,,,,,,,,,Current residence in --,Residence 1 year ago in --,,,
,Alabama,,Alaska,,Arizona,,Arkansas,,California,,,Colorado,,Connecticut,,Delaware,,District of Columbia ,,Florida,,,Georgia,,Hawaii,,Idaho,,Illinois,,Indiana,,,Iowa,,Kansas,,Kentucky,,Louisiana,,Maine,,,Maryland,,Massachusetts,,Michigan,,Minnesota,,Mississippi,,,Missouri,,Montana,,Nebraska,,Nevada,,New Hampshire,,,New Jersey,,New Mexico,,New York,,North Carolina,,North Dakota,,,Ohio,,Oklahoma,,Oregon,,Pennsylvania,,Puerto Rico,,,Rhode Island,,South Carolina,,South Dakota,,Tennessee,,Texas,,,Utah,,Vermont,,Virginia,,Washington,,West Virginia,,,Wisconsin,,Wyoming,
,Estimate,MOE,Estimate,MOE,Estimate,MOE,Estimate,MOE,Estimate,MOE,,Estimate,MOE,Estimate,MOE,Estimate,MOE,Estimate,MOE,Estimate,MOE,,Estimate,MOE,Estimate,MOE,Estimate,MOE,Estimate,MOE,Estimate,MOE,,Estimate,MOE,Estimate,MOE,Estimate,MOE,Estimate,MOE,Estimate,MOE,,Estimate,MOE,Estimate,MOE,Estimate,MOE,Estimate,MOE,Estimate,MOE,,Estimate,MOE,Estimate,MOE,Estimate,MOE,Estimate,MOE,Estimate,MOE,,Estimate,MOE,Estimate,MOE,Estimate,MOE,Estimate,MOE,Estimate,MOE,,Estimate,MOE,Estimate,MOE,Estimate,MOE,Estimate,MOE,Estimate,MOE,,Estimate,MOE,Estimate,MOE,Estimate,MOE,Estimate,MOE,Estimate,MOE,,Estimate,MOE,Estimate,MOE,Estimate,MOE,Estimate,MOE,Estimate,MOE,,Estimate,MOE,Estimate,MOE
,,,,,,,,,,,,,,,,,,,,,,,,,,,,,,,,,,,,,,,,,,,,,,,,,,,,,,,,,,,,,,,,,,,,,,,,,,,,,,,,,,,,,,,,,,,,,,,,,,,,,,,,,,,,,,,,,,
New Jersey,"1,004 ",+/- 668,"2,066 ","+/- 1,046","3,066 ","+/- 1,353",263 ,+/- 353,"4,819 ","+/- 1,608",New Jersey,624 ,+/- 399,"3,947 ","+/- 1,803","1,482 ",+/- 550,337 ,+/- 285,"9,594 ","+/- 2,685",New Jersey,"3,905 ","+/- 1,477",653 ,+/- 529,53 ,+/- 85,"3,357 ","+/- 1,845",553 ,+/- 356,New Jersey,195 ,+/- 325,"1,053 ",+/- 828,680 ,+/- 753,426 ,+/- 429,318 ,+/- 217,New Jersey,"4,959 ","+/- 1,692","4,772 ","+/- 1,469","2,001 ","+/- 1,899","1,489 ",+/- 734,102 ,+/- 167,New Jersey,"1,173 ",+/- 674,0 ,+/- 277,0 ,+/- 277,"1,100 ","+/- 1,024",548 ,+/- 345,New Jersey,"699,979 ","+/- 20,791",219 ,+/- 214,"48,252 ","+/- 6,789","2,362 ","+/- 1,199",0 ,+/- 277,New Jersey,"1,769 ",+/- 860,0 ,+/- 277,284 ,+/- 373,"24,752 ","+/- 3,265","3,518 ","+/- 1,468",New Jersey,"2,809 ","+/- 1,680",811 ,+/- 576,0 ,+/- 277,682 ,+/- 483,"2,793 ",+/- 873,New Jersey,258 ,+/- 352,360 ,+/- 365,"3,354 ","+/- 1,069",706 ,+/- 522,0 ,+/- 277,New Jersey,823 ,+/- 695,107 ,+/- 172
New Mexico,210 ,+/- 259,785 ,+/- 578,"8,688 ","+/- 3,056",498 ,+/- 494,"9,326 ","+/- 2,576",New Mexico,"6,102 ","+/- 2,465",81 ,+/- 94,76 ,+/- 116,316 ,+/- 371,"3,544 ","+/- 1,439",New Mexico,"1,233 ",+/- 681,587 ,+/- 394,197 ,+/- 259,"1,778 ","+/- 1,652","1,105 ",+/- 673,New Mexico,444 ,+/- 540,806 ,+/- 581,155 ,+/- 208,"1,163 ",+/- 966,42 ,+/- 69,New Mexico,779 ,+/- 821,989 ,+/- 776,"2,048 ","+/- 1,123",548 ,+/- 444,38 ,+/- 48,New Mexico,118 ,+/- 157,43 ,+/- 72,"1,225 ","+/- 1,320","2,184 ","+/- 1,417",0 ,+/- 279,New Mexico,"1,843 ","+/- 2,059","248,312 ","+/- 14,101",760 ,+/- 468,190 ,+/- 226,52 ,+/- 88,New Mexico,405 ,+/- 321,"1,159 ",+/- 709,830 ,+/- 574,"1,077 ",+/- 591,290 ,+/- 336,New Mexico,0 ,+/- 279,830 ,+/- 730,36 ,+/- 60,410 ,+/- 274,"11,751 ","+/- 2,697",New Mexico,256 ,+/- 325,0 ,+/- 279,"1,551 ","+/- 1,066","1,371 ",+/- 955,0 ,+/- 279,New Mexico,428 ,+/- 379,686 ,+/- 582
New York,"1,202 ",+/- 636,"2,883 ","+/- 1,466","2,541 ",+/- 970,146 ,+/- 182,"18,337 ","+/- 2,314",New York,"3,782 ","+/- 1,495","15,404 ","+/- 3,439",800 ,+/- 463,"4,889 ","+/- 1,464","33,961 ","+/- 5,205",New York,"6,569 ","+/- 1,601","2,217 ","+/- 1,259",364 ,+/- 334,"7,613 ","+/- 2,152","2,155 ","+/- 1,025",New York,271 ,+/- 165,"1,594 ",+/- 944,863 ,+/- 550,"1,022 ",+/- 506,"2,133 ",+/- 903,New York,"7,070 ","+/- 1,740","14,849 ","+/- 2,547","5,163 ","+/- 1,445","2,539 ","+/- 1,331",151 ,+/- 136,New York,"3,713 ","+/- 1,787",150 ,+/- 143,561 ,+/- 503,966 ,+/- 627,"2,081 ",+/- 819,New York,"34,407 ","+/- 5,067","1,496 ",+/- 603,"1,761,130 ","+/- 37,390","10,052 ","+/- 2,507",327 ,+/- 453,New York,"5,986 ","+/- 1,489","1,905 ","+/- 1,139","1,365 ",+/- 648,"20,695 ","+/- 2,584","5,213 ","+/- 1,868",New York,"4,052 ","+/- 2,332","3,741 ","+/- 1,313",46 ,+/- 57,"2,227 ",+/- 875,"9,936 ","+/- 2,537",New York,"1,687 ",+/- 844,"3,345 ","+/- 1,199","9,208 ","+/- 2,303","2,858 ","+/- 1,171",945 ,+/- 636,New York,827 ,+/- 554,284 ,+/- 314
North Carolina,"4,978 ","+/- 2,160","1,862 ","+/- 1,069","2,987 ","+/- 1,455","1,310 ",+/- 722,"16,493 ","+/- 3,315",North Carolina,"6,627 ","+/- 3,571","4,177 ","+/- 1,829","2,205 ","+/- 1,372","1,958 ",+/- 841,"42,729 ","+/- 5,777",North Carolina,"18,965 ","+/- 3,912","1,139 ",+/- 764,404 ,+/- 412,"3,911 ","+/- 1,297","4,584 ","+/- 1,955",North Carolina,"2,499 ","+/- 1,446","1,258 ","+/- 1,114","2,342 ","+/- 1,213","3,069 ","+/- 1,707",744 ,+/- 453,North Carolina,"13,657 ","+/- 3,231","7,224 ","+/- 2,529","7,615 ","+/- 1,940","1,002 ",+/- 691,"1,313 ","+/- 1,189",North Carolina,"4,002 ","+/- 1,907",707 ,+/- 538,875 ,+/- 919,"2,375 ","+/- 1,697","1,136 ",+/- 730,North Carolina,"10,416 ","+/- 3,182",797 ,+/- 498,"33,213 ","+/- 5,020","1,184,027 ","+/- 30,006",55 ,+/- 97,North Carolina,"12,145 ","+/- 2,541","2,593 ","+/- 1,342",999 ,+/- 614,"11,138 ","+/- 2,832",850 ,+/- 955,North Carolina,"1,335 ","+/- 1,439","25,135 ","+/- 5,304",413 ,+/- 502,"9,734 ","+/- 2,901","12,799 ","+/- 2,496",North Carolina,749 ,+/- 537,381 ,+/- 354,"25,142 ","+/- 3,845","6,311 ","+/- 2,669","4,431 ","+/- 1,581",North Carolina,936 ,+/- 477,147 ,+/- 201
North Dakota,0 ,+/- 208,0 ,+/- 208,183 ,+/- 195,157 ,+/- 193,990 ,+/- 486,North Dakota,297 ,+/- 228,103 ,+/- 136,0 ,+/- 208,0 ,+/- 208,534 ,+/- 574,North Dakota,0 ,+/- 208,354 ,+/- 403,222 ,+/- 235,416 ,+/- 347,42 ,+/- 56,North Dakota,196 ,+/- 241,160 ,+/- 170,0 ,+/- 208,110 ,+/- 136,0 ,+/- 208,North Dakota,45 ,+/- 51,389 ,+/- 358,61 ,+/- 83,"10,598 ","+/- 2,526",183 ,+/- 224,North Dakota,554 ,+/- 546,"3,212 ","+/- 1,724",311 ,+/- 199,58 ,+/- 78,0 ,+/- 208,North Dakota,0 ,+/- 208,144 ,+/- 192,23 ,+/- 42,639 ,+/- 191,"76,714 ","+/- 5,995",North Dakota,344 ,+/- 258,466 ,+/- 550,957 ,+/- 792,145 ,+/- 185,0 ,+/- 208,North Dakota,0 ,+/- 208,31 ,+/- 54,"1,433 ",+/- 875,35 ,+/- 55,"1,282 ",+/- 812,North Dakota,195 ,+/- 269,10 ,+/- 17,33 ,+/- 69,"1,024 ",+/- 968,49 ,+/- 62,North Dakota,342 ,+/- 272,419 ,+/- 324
,,,,,,,,,,,,,,,,,,,,,,,,,,,,,,,,,,,,,,,,,,,,,,,,,,,,,,,,,,,,,,,,,,,,,,,,,,,,,,,,,,,,,,,,,,,,,,,,,,,,,,,,,,,,,,,,,,
Ohio,"2,564 ","+/- 1,300","2,788 ","+/- 1,663","3,142 ","+/- 1,195",416 ,+/- 403,"6,921 ","+/- 1,796",Ohio,"3,169 ","+/- 1,197","2,645 ","+/- 1,819",520 ,+/- 399,770 ,+/- 449,"15,794 ","+/- 2,998",Ohio,"7,109 ","+/- 2,205",495 ,+/- 321,333 ,+/- 270,"9,436 ","+/- 2,005","10,863 ","+/- 2,934",Ohio,"1,730 ",+/- 846,"1,311 ","+/- 1,068","13,225 ","+/- 2,645","1,104 ","+/- 1,000",489 ,+/- 429,Ohio,"4,354 ","+/- 1,935","2,969 ","+/- 1,336","15,828 ","+/- 3,073","2,255 ","+/- 1,085",991 ,+/- 757,Ohio,"3,372 ","+/- 1,446",68 ,+/- 115,"1,239 ","+/- 1,342",616 ,+/- 350,553 ,+/- 580,Ohio,"2,574 ","+/- 1,021","1,465 ","+/- 1,367","7,304 ","+/- 1,791","6,412 ","+/- 2,497",649 ,+/- 554,Ohio,"1,492,145 ","+/- 32,810","1,693 ",+/- 895,"1,330 ","+/- 1,171","11,099 ","+/- 2,060","1,127 ",+/- 987,Ohio,239 ,+/- 235,"4,235 ","+/- 1,410",314 ,+/- 284,"4,989 ","+/- 1,640","4,815 ","+/- 1,558",Ohio,727 ,+/- 486,171 ,+/- 141,"5,764 ","+/- 2,037","4,055 ","+/- 2,125","5,581 ","+/- 1,569",Ohio,"1,239 ",+/- 650,126 ,+/- 152
Oklahoma,"1,732 ","+/- 1,245","1,485 ",+/- 917,"3,632 ","+/- 1,600","7,784 ","+/- 1,957","8,167 ","+/- 2,111",Oklahoma,"3,887 ","+/- 1,367",400 ,+/- 377,0 ,+/- 248,0 ,+/- 248,"5,414 ","+/- 1,909",Oklahoma,"3,316 ","+/- 1,502",406 ,+/- 339,198 ,+/- 230,"2,700 ","+/- 1,269",743 ,+/- 441,Oklahoma,"2,256 ","+/- 1,543","6,762 ","+/- 2,131",806 ,+/- 732,"2,478 ","+/- 1,141",431 ,+/- 466,Oklahoma,480 ,+/- 378,235 ,+/- 240,"3,102 ","+/- 1,155","1,024 ",+/- 535,"1,078 ",+/- 859,Oklahoma,"6,025 ","+/- 1,772",691 ,+/- 845,917 ,+/- 549,"1,120 ",+/- 661,"1,369 ","+/- 1,560",Oklahoma,"1,123 ","+/- 1,158","2,721 ","+/- 1,476","2,279 ",+/- 879,"2,288 ","+/- 1,288",53 ,+/- 87,Oklahoma,"2,285 ","+/- 1,604","565,735 ","+/- 17,330",704 ,+/- 603,844 ,+/- 541,0 ,+/- 248,Oklahoma,301 ,+/- 485,915 ,+/- 527,18 ,+/- 32,"1,566 ",+/- 593,"32,401 ","+/- 4,183",Oklahoma,360 ,+/- 326,0 ,+/- 248,"1,364 ",+/- 656,"2,236 ","+/- 1,123",737 ,+/- 773,Oklahoma,446 ,+/- 377,855 ,+/- 637
Oregon,707 ,+/- 608,"3,003 ","+/- 1,360","3,344 ","+/- 1,193",452 ,+/- 469,"33,497 ","+/- 5,077",Oregon,"3,050 ","+/- 1,098",49 ,+/- 81,209 ,+/- 228,177 ,+/- 284,"4,578 ","+/- 2,032",Oregon,592 ,+/- 413,"3,045 ","+/- 1,987","9,155 ","+/- 2,990","2,142 ",+/- 982,619 ,+/- 444,Oregon,898 ,+/- 639,574 ,+/- 482,80 ,+/- 97,413 ,+/- 304,310 ,+/- 413,Oregon,325 ,+/- 307,"1,485 ",+/- 829,723 ,+/- 422,478 ,+/- 301,219 ,+/- 267,Oregon,"1,136 ",+/- 592,"2,582 ",+/- 974,614 ,+/- 518,"3,819 ","+/- 1,657",263 ,+/- 302,Oregon,311 ,+/- 405,"1,297 ","+/- 1,053","2,502 ","+/- 1,205",589 ,+/- 500,426 ,+/- 584,Oregon,"1,930 ","+/- 1,119",913 ,+/- 716,"530,199 ","+/- 17,163","2,125 ","+/- 1,077",51 ,+/- 87,Oregon,176 ,+/- 169,"1,239 ","+/- 1,277","1,019 ","+/- 1,135",809 ,+/- 587,"3,502 ","+/- 1,320",Oregon,"1,740 ",+/- 897,0 ,+/- 275,"1,997 ","+/- 1,060","18,315 ","+/- 2,633",104 ,+/- 173,Oregon,"1,660 ",+/- 927,632 ,+/- 504
Pennsylvania,971 ,+/- 578,"1,426 ",+/- 833,"2,264 ",+/- 999,308 ,+/- 284,"9,368 ","+/- 2,621",Pennsylvania,"1,884 ",+/- 906,"5,283 ","+/- 1,816","8,293 ","+/- 2,803","1,154 ",+/- 503,"18,380 ","+/- 3,439",Pennsylvania,"4,522 ","+/- 1,879",204 ,+/- 228,148 ,+/- 176,"7,486 ","+/- 2,744","2,387 ",+/- 959,Pennsylvania,359 ,+/- 323,874 ,+/- 552,"1,046 ",+/- 749,644 ,+/- 395,925 ,+/- 511,Pennsylvania,"19,850 ","+/- 3,298","5,175 ","+/- 1,684","4,224 ","+/- 1,333","1,929 ","+/- 1,473",899 ,+/- 619,Pennsylvania,"2,248 ",+/- 870,688 ,+/- 600,202 ,+/- 236,"1,896 ","+/- 1,001","1,181 ",+/- 933,Pennsylvania,"39,442 ","+/- 4,969",907 ,+/- 664,"41,006 ","+/- 4,567","5,828 ","+/- 1,293",114 ,+/- 137,Pennsylvania,"10,598 ","+/- 2,332","1,103 ","+/- 1,037",740 ,+/- 456,"1,262,078 ","+/- 30,126","6,343 ","+/- 2,426",Pennsylvania,377 ,+/- 436,"2,936 ","+/- 1,138",322 ,+/- 428,"2,510 ","+/- 1,363","5,187 ","+/- 1,573",Pennsylvania,"1,031 ",+/- 931,973 ,+/- 806,"11,481 ","+/- 2,154","1,625 ",+/- 705,"4,188 ","+/- 1,886",Pennsylvania,"1,071 ",+/- 711,109 ,+/- 140
Puerto Rico,200 ,+/- 319,0 ,+/- 289,0 ,+/- 289,0 ,+/- 289,779 ,+/- 557,Puerto Rico,257 ,+/- 344,"2,463 ","+/- 1,155",0 ,+/- 289,72 ,+/- 160,"8,787 ","+/- 2,155",Puerto Rico,572 ,+/- 461,0 ,+/- 289,0 ,+/- 289,932 ,+/- 736,91 ,+/- 104,Puerto Rico,60 ,+/- 101,305 ,+/- 410,121 ,+/- 205,115 ,+/- 190,0 ,+/- 289,Puerto Rico,79 ,+/- 131,"2,138 ","+/- 1,056",36 ,+/- 61,0 ,+/- 289,0 ,+/- 289,Puerto Rico,0 ,+/- 289,0 ,+/- 289,0 ,+/- 289,573 ,+/- 610,353 ,+/- 553,Puerto Rico,"3,280 ","+/- 1,559",0 ,+/- 289,"7,097 ","+/- 2,390",286 ,+/- 351,0 ,+/- 289,Puerto Rico,150 ,+/- 240,0 ,+/- 289,95 ,+/- 150,"2,088 ","+/- 1,071","279,867 ","+/- 13,906",Puerto Rico,172 ,+/- 289,0 ,+/- 289,0 ,+/- 289,182 ,+/- 241,"1,057 ",+/- 653,Puerto Rico,0 ,+/- 289,0 ,+/- 289,407 ,+/- 348,354 ,+/- 563,0 ,+/- 289,Puerto Rico,633 ,+/- 497,0 ,+/- 289
,,,,,,,,,,,,,,,,,,,,,,,,,,,,,,,,,,,,,,,,,,,,,,,,,,,,,,,,,,,,,,,,,,,,,,,,,,,,,,,,,,,,,,,,,,,,,,,,,,,,,,,,,,,,,,,,,,
Rhode Island,0 ,+/- 287,177 ,+/- 292,139 ,+/- 182,233 ,+/- 387,"1,478 ",+/- 626,Rhode Island,322 ,+/- 261,"2,630 ","+/- 1,053",66 ,+/- 108,0 ,+/- 287,"1,355 ",+/- 664,Rhode Island,721 ,+/- 641,387 ,+/- 423,0 ,+/- 287,108 ,+/- 129,0 ,+/- 287,Rhode Island,90 ,+/- 151,0 ,+/- 287,0 ,+/- 287,0 ,+/- 287,603 ,+/- 451,Rhode Island,676 ,+/- 477,"6,190 ","+/- 1,736",905 ,+/- 903,637 ,+/- 632,142 ,+/- 181,Rhode Island,0 ,+/- 287,0 ,+/- 287,384 ,+/- 461,0 ,+/- 287,292 ,+/- 226,Rhode Island,"1,849 ",+/- 740,576 ,+/- 753,"2,321 ",+/- 883,"1,036 ",+/- 950,0 ,+/- 287,Rhode Island,264 ,+/- 254,64 ,+/- 104,73 ,+/- 121,"1,012 ",+/- 453,"1,797 ","+/- 1,043",Rhode Island,"95,449 ","+/- 7,772",74 ,+/- 125,41 ,+/- 76,529 ,+/- 467,202 ,+/- 252,Rhode Island,194 ,+/- 313,176 ,+/- 166,"1,333 ",+/- 925,285 ,+/- 265,322 ,+/- 464,Rhode Island,63 ,+/- 106,179 ,+/- 292
South Carolina,"1,837 ",+/- 692,679 ,+/- 558,759 ,+/- 403,860 ,+/- 638,"4,143 ","+/- 1,392",South Carolina,"1,044 ",+/- 548,"1,674 ",+/- 731,528 ,+/- 326,"1,056 ",+/- 909,"16,638 ","+/- 2,990",South Carolina,"16,349 ","+/- 3,430",688 ,+/- 460,188 ,+/- 342,"3,424 ","+/- 1,315","1,888 ","+/- 1,167",South Carolina,737 ,+/- 637,583 ,+/- 455,"2,069 ",+/- 992,965 ,+/- 581,280 ,+/- 262,South Carolina,"5,044 ","+/- 1,652","3,294 ","+/- 1,464","4,767 ","+/- 1,405",354 ,+/- 287,"1,425 ",+/- 838,South Carolina,742 ,+/- 450,190 ,+/- 187,467 ,+/- 497,"1,166 ",+/- 828,"1,080 ","+/- 1,275",South Carolina,"5,044 ","+/- 1,418",380 ,+/- 260,"8,223 ","+/- 2,420","26,624 ","+/- 4,804",0 ,+/- 287,South Carolina,"5,606 ","+/- 1,594",936 ,+/- 759,517 ,+/- 483,"6,538 ","+/- 1,886",687 ,+/- 437,South Carolina,625 ,+/- 507,"498,159 ","+/- 16,534",43 ,+/- 73,"3,708 ","+/- 1,124","4,405 ","+/- 1,322",South Carolina,119 ,+/- 117,884 ,+/- 600,"9,358 ","+/- 2,481","1,349 ",+/- 929,411 ,+/- 329,South Carolina,920 ,+/- 489,0 ,+/- 287
South Dakota,267 ,+/- 317,66 ,+/- 102,"1,046 ",+/- 708,22 ,+/- 38,"1,051 ",+/- 603,South Dakota,"2,259 ",+/- 980,108 ,+/- 176,0 ,+/- 223,339 ,+/- 422,228 ,+/- 168,South Dakota,86 ,+/- 147,0 ,+/- 223,185 ,+/- 180,607 ,+/- 415,300 ,+/- 399,South Dakota,"1,686 ",+/- 682,206 ,+/- 219,86 ,+/- 128,31 ,+/- 57,0 ,+/- 223,South Dakota,129 ,+/- 157,27 ,+/- 50,806 ,+/- 673,"4,345 ","+/- 1,227",225 ,+/- 392,South Dakota,391 ,+/- 299,161 ,+/- 189,"2,561 ",+/- 917,65 ,+/- 106,0 ,+/- 223,South Dakota,65 ,+/- 116,315 ,+/- 389,298 ,+/- 420,307 ,+/- 451,"1,174 ",+/- 540,South Dakota,293 ,+/- 210,79 ,+/- 94,224 ,+/- 221,618 ,+/- 605,0 ,+/- 223,South Dakota,0 ,+/- 223,51 ,+/- 82,"94,482 ","+/- 6,578",450 ,+/- 655,931 ,+/- 642,South Dakota,137 ,+/- 154,0 ,+/- 223,224 ,+/- 203,742 ,+/- 469,51 ,+/- 83,South Dakota,583 ,+/- 539,185 ,+/- 144
Tennessee,"6,780 ","+/- 1,882","1,970 ","+/- 1,865","1,353 ",+/- 797,"5,096 ","+/- 1,631","9,008 ","+/- 2,034",Tennessee,"2,240 ","+/- 1,189","1,000 ",+/- 795,188 ,+/- 203,66 ,+/- 110,"23,598 ","+/- 4,300",Tennessee,"15,275 ","+/- 3,241",0 ,+/- 281,187 ,+/- 221,"7,570 ","+/- 2,020","4,986 ","+/- 1,462",Tennessee,802 ,+/- 527,"1,220 ",+/- 727,"11,463 ","+/- 2,875","4,361 ","+/- 1,472",420 ,+/- 383,Tennessee,"1,861 ",+/- 934,"1,108 ",+/- 666,"7,563 ","+/- 1,784",546 ,+/- 509,"8,905 ","+/- 2,380",Tennessee,"3,107 ","+/- 1,272",737 ,+/- 902,784 ,+/- 558,"1,086 ",+/- 856,998 ,+/- 606,Tennessee,"1,942 ","+/- 1,000",945 ,+/- 719,"3,910 ","+/- 1,542","9,274 ","+/- 2,577",47 ,+/- 76,Tennessee,"6,831 ","+/- 2,374","1,544 ",+/- 978,890 ,+/- 614,"3,798 ","+/- 1,302",707 ,+/- 995,Tennessee,451 ,+/- 549,"3,357 ","+/- 1,838",572 ,+/- 573,"807,705 ","+/- 25,182","7,426 ","+/- 2,112",Tennessee,538 ,+/- 403,362 ,+/- 353,"7,424 ","+/- 1,843",822 ,+/- 569,"2,457 ","+/- 1,813",Tennessee,"2,779 ","+/- 1,682",261 ,+/- 277
Texas,"6,086 ","+/- 1,718","7,173 ","+/- 2,388","16,278 ","+/- 3,086","13,341 ","+/- 3,083","73,993 ","+/- 8,212",Texas,"17,623 ","+/- 4,781","3,337 ","+/- 1,361",740 ,+/- 684,"1,237 ",+/- 833,"40,763 ","+/- 6,583",Texas,"18,304 ","+/- 3,781","5,248 ","+/- 2,110","3,164 ","+/- 1,762","18,232 ","+/- 4,239","7,033 ","+/- 2,287",Texas,"4,723 ","+/- 1,906","9,848 ","+/- 3,039","4,356 ","+/- 2,034","32,621 ","+/- 4,346",498 ,+/- 302,Texas,"5,775 ","+/- 1,454","4,183 ","+/- 2,161","11,169 ","+/- 2,831","8,613 ","+/- 2,067","8,451 ","+/- 2,622",Texas,"16,626 ","+/- 4,284","1,628 ","+/- 1,240","4,437 ","+/- 2,182","7,066 ","+/- 2,763",476 ,+/- 320,Texas,"10,379 ","+/- 2,612","19,679 ","+/- 3,793","17,497 ","+/- 2,931","15,679 ","+/- 3,247","1,728 ","+/- 1,122",Texas,"13,381 ","+/- 3,216","27,572 ","+/- 4,915","5,732 ","+/- 2,065","8,785 ","+/- 2,544","4,716 ","+/- 1,463",Texas,525 ,+/- 447,"6,255 ","+/- 2,374","1,211 ",+/- 884,"13,051 ","+/- 3,881","3,648,004 ","+/- 50,887",Texas,"4,701 ","+/- 1,218",132 ,+/- 161,"15,143 ","+/- 3,255","9,796 ","+/- 2,740","1,895 ","+/- 1,653",Texas,"7,548 ","+/- 2,181","3,167 ","+/- 2,061"
,,,,,,,,,,,,,,,,,,,,,,,,,,,,,,,,,,,,,,,,,,,,,,,,,,,,,,,,,,,,,,,,,,,,,,,,,,,,,,,,,,,,,,,,,,,,,,,,,,,,,,,,,,,,,,,,,,
Utah,695 ,+/- 584,"2,160 ","+/- 1,090","9,075 ","+/- 3,370",450 ,+/- 406,"18,607 ","+/- 3,766",Utah,"5,400 ","+/- 2,150",598 ,+/- 472,0 ,+/- 263,71 ,+/- 119,"3,373 ","+/- 1,637",Utah,"1,218 ",+/- 700,713 ,+/- 493,"6,106 ","+/- 1,524","1,631 ",+/- 772,856 ,"+/- 1,011",Utah,134 ,+/- 212,277 ,+/- 328,349 ,+/- 247,735 ,+/- 634,106 ,+/- 184,Utah,719 ,+/- 568,961 ,+/- 781,"1,065 ",+/- 606,578 ,+/- 379,144 ,+/- 168,Utah,"1,170 ",+/- 657,627 ,+/- 521,"1,715 ","+/- 1,826","7,998 ","+/- 2,993",395 ,+/- 295,Utah,121 ,+/- 150,912 ,+/- 530,"1,645 ","+/- 1,027",676 ,+/- 625,727 ,+/- 692,Utah,"2,805 ","+/- 1,557",792 ,+/- 683,"5,487 ","+/- 2,292",682 ,+/- 584,198 ,+/- 253,Utah,0 ,+/- 263,444 ,+/- 383,169 ,+/- 240,510 ,+/- 402,"7,026 ","+/- 1,915",Utah,"365,169 ","+/- 16,152",123 ,+/- 207,"1,501 ",+/- 795,"2,930 ","+/- 1,063",70 ,+/- 120,Utah,"2,574 ","+/- 1,699","4,524 ","+/- 1,986"
Vermont,0 ,+/- 211,252 ,+/- 180,200 ,+/- 293,0 ,+/- 211,"1,062 ",+/- 623,Vermont,723 ,+/- 524,"1,041 ",+/- 452,0 ,+/- 211,0 ,+/- 211,"1,025 ",+/- 460,Vermont,0 ,+/- 211,18 ,+/- 31,36 ,+/- 60,151 ,+/- 171,290 ,+/- 351,Vermont,310 ,+/- 303,0 ,+/- 211,104 ,+/- 104,19 ,+/- 35,"1,985 ","+/- 1,244",Vermont,233 ,+/- 222,"1,588 ",+/- 486,467 ,+/- 379,204 ,+/- 280,54 ,+/- 93,Vermont,370 ,+/- 509,94 ,+/- 99,0 ,+/- 211,399 ,+/- 628,"2,727 ","+/- 1,090",Vermont,628 ,+/- 264,13 ,+/- 31,"4,480 ","+/- 1,052",292 ,+/- 203,0 ,+/- 211,Vermont,105 ,+/- 101,140 ,+/- 209,183 ,+/- 132,643 ,+/- 393,0 ,+/- 211,Vermont,201 ,+/- 193,14 ,+/- 22,0 ,+/- 211,361 ,+/- 377,392 ,+/- 365,Vermont,141 ,+/- 115,"58,790 ","+/- 4,372",775 ,+/- 371,176 ,+/- 136,51 ,+/- 67,Vermont,0 ,+/- 211,27 ,+/- 45
Virginia,"4,171 ","+/- 1,539",866 ,+/- 749,"4,286 ","+/- 1,904","1,030 ",+/- 741,"14,469 ","+/- 2,771",Virginia,"3,023 ","+/- 1,177","4,955 ","+/- 2,019","1,096 ",+/- 594,"8,323 ","+/- 2,541","23,316 ","+/- 3,611",Virginia,"9,719 ","+/- 2,009","2,737 ","+/- 1,275","1,446 ",+/- 954,"10,324 ","+/- 2,840","2,445 ","+/- 1,117",Virginia,229 ,+/- 206,"1,054 ",+/- 478,"2,100 ",+/- 846,"1,551 ",+/- 713,"1,186 ",+/- 694,Virginia,"26,870 ","+/- 3,490","4,532 ","+/- 1,505","5,528 ","+/- 1,993","1,641 ",+/- 930,"1,549 ",+/- 993,Virginia,"1,806 ",+/- 831,733 ,+/- 377,"1,278 ",+/- 969,"2,239 ","+/- 1,378",508 ,+/- 384,Virginia,"9,498 ","+/- 2,256",655 ,+/- 504,"15,761 ","+/- 3,218","27,224 ","+/- 4,537",529 ,+/- 653,Virginia,"5,366 ","+/- 1,710",417 ,+/- 263,876 ,+/- 700,"13,283 ","+/- 3,060",174 ,+/- 201,Virginia,587 ,+/- 412,"6,695 ","+/- 2,080",57 ,+/- 96,"7,969 ","+/- 2,223","11,813 ","+/- 2,655",Virginia,"2,480 ","+/- 1,489",650 ,+/- 444,"925,353 ","+/- 25,033","5,253 ","+/- 2,174","8,624 ","+/- 2,608",Virginia,"2,131 ","+/- 1,138",375 ,+/- 443
Washington,"1,845 ","+/- 1,227","5,334 ","+/- 1,916","10,009 ","+/- 3,271",830 ,+/- 589,"41,082 ","+/- 4,864",Washington,"7,610 ","+/- 3,151",960 ,+/- 613,0 ,+/- 271,481 ,+/- 373,"8,070 ","+/- 2,517",Washington,"4,290 ","+/- 1,948","4,153 ","+/- 1,201","9,452 ","+/- 2,574","3,254 ","+/- 1,319","1,205 ",+/- 650,Washington,"1,706 ","+/- 1,000","2,520 ","+/- 1,487","3,017 ","+/- 2,145","1,337 ",+/- 854,361 ,+/- 281,Washington,"1,096 ",+/- 666,"2,678 ","+/- 1,131","3,198 ","+/- 1,342","2,468 ","+/- 1,356",495 ,+/- 354,Washington,"3,775 ","+/- 1,453","4,627 ","+/- 1,413","1,567 ",+/- 879,"3,375 ","+/- 1,272",15 ,+/- 25,Washington,"1,725 ",+/- 843,"1,153 ",+/- 586,"5,807 ","+/- 2,383","4,643 ","+/- 1,661",446 ,+/- 522,Washington,"2,480 ","+/- 1,074","1,604 ","+/- 1,193","25,238 ","+/- 3,370","2,910 ","+/- 1,155",490 ,+/- 717,Washington,256 ,+/- 250,"1,698 ","+/- 1,079",773 ,+/- 606,"2,561 ","+/- 2,145","11,149 ","+/- 3,147",Washington,"2,679 ","+/- 1,024",521 ,+/- 554,"5,699 ","+/- 1,993","895,624 ","+/- 22,404",543 ,+/- 379,Washington,"1,895 ","+/- 1,368",262 ,+/- 292
West Virginia,282 ,+/- 476,812 ,+/- 774,59 ,+/- 100,0 ,+/- 265,968 ,+/- 541,West Virginia,545 ,+/- 484,49 ,+/- 61,356 ,+/- 307,762 ,+/- 328,"1,397 ",+/- 814,West Virginia,952 ,+/- 650,0 ,+/- 265,0 ,+/- 265,126 ,+/- 203,784 ,+/- 385,West Virginia,0 ,+/- 265,0 ,+/- 265,"2,856 ","+/- 1,095",381 ,+/- 340,0 ,+/- 265,West Virginia,"7,260 ","+/- 2,064",615 ,+/- 564,447 ,+/- 284,0 ,+/- 265,86 ,+/- 139,West Virginia,214 ,+/- 265,0 ,+/- 265,209 ,+/- 222,55 ,+/- 93,0 ,+/- 265,West Virginia,600 ,+/- 394,363 ,+/- 417,938 ,+/- 528,"4,833 ","+/- 1,528",0 ,+/- 265,West Virginia,"10,695 ","+/- 2,805",51 ,+/- 87,22 ,+/- 42,"5,959 ","+/- 1,847",0 ,+/- 265,West Virginia,72 ,+/- 123,"1,207 ",+/- 718,0 ,+/- 265,777 ,+/- 506,618 ,+/- 384,West Virginia,86 ,+/- 111,0 ,+/- 265,"8,166 ","+/- 2,087",258 ,+/- 286,"170,344 ","+/- 9,533",West Virginia,51 ,+/- 87,33 ,+/- 55
,,,,,,,,,,,,,,,,,,,,,,,,,,,,,,,,,,,,,,,,,,,,,,,,,,,,,,,,,,,,,,,,,,,,,,,,,,,,,,,,,,,,,,,,,,,,,,,,,,,,,,,,,,,,,,,,,,
Wisconsin,432 ,+/- 297,"1,645 ",+/- 971,"1,328 ",+/- 768,"1,373 ","+/- 1,946","4,618 ","+/- 1,554",Wisconsin,"2,728 ","+/- 1,146",136 ,+/- 146,0 ,+/- 216,0 ,+/- 216,"4,177 ","+/- 1,341",Wisconsin,"1,668 ",+/- 767,577 ,+/- 560,794 ,+/- 514,"26,280 ","+/- 4,181","1,503 ",+/- 713,Wisconsin,"3,024 ","+/- 1,251",382 ,+/- 255,809 ,+/- 708,971 ,+/- 529,178 ,+/- 215,Wisconsin,"1,294 ",+/- 787,719 ,+/- 542,"4,669 ","+/- 1,352","18,926 ","+/- 2,797",497 ,+/- 543,Wisconsin,"3,979 ","+/- 1,542","1,527 ","+/- 1,409",323 ,+/- 295,483 ,+/- 292,0 ,+/- 216,Wisconsin,365 ,+/- 291,439 ,+/- 575,"2,144 ",+/- 849,822 ,+/- 520,376 ,+/- 295,Wisconsin,"2,225 ","+/- 1,122",358 ,+/- 282,667 ,+/- 493,"1,590 ",+/- 721,"1,218 ","+/- 1,054",Wisconsin,89 ,+/- 148,755 ,+/- 640,"1,353 ","+/- 1,198","1,483 ",+/- 618,"3,854 ","+/- 1,588",Wisconsin,303 ,+/- 219,26 ,+/- 44,"1,381 ",+/- 655,"1,657 ",+/- 941,217 ,+/- 214,Wisconsin,"682,608 ","+/- 20,672",47 ,+/- 76
Wyoming,459 ,+/- 486,72 ,+/- 93,724 ,+/- 542,557 ,+/- 562,"1,709 ",+/- 690,Wyoming,"5,140 ","+/- 1,565",35 ,+/- 70,0 ,+/- 261,0 ,+/- 261,"1,130 ",+/- 686,Wyoming,479 ,+/- 349,252 ,+/- 398,964 ,+/- 859,759 ,+/- 465,33 ,+/- 54,Wyoming,707 ,+/- 547,540 ,+/- 414,98 ,+/- 178,151 ,+/- 242,0 ,+/- 261,Wyoming,210 ,+/- 348,0 ,+/- 261,789 ,+/- 518,346 ,+/- 422,429 ,+/- 644,Wyoming,296 ,+/- 382,"1,348 ",+/- 656,512 ,+/- 274,"1,215 ",+/- 942,0 ,+/- 261,Wyoming,32 ,+/- 53,66 ,+/- 105,131 ,+/- 163,242 ,+/- 228,267 ,+/- 264,Wyoming,834 ,+/- 593,171 ,+/- 173,601 ,+/- 520,398 ,+/- 237,0 ,+/- 261,Wyoming,0 ,+/- 261,0 ,+/- 261,731 ,+/- 596,177 ,+/- 239,"1,054 ",+/- 626,Wyoming,"2,957 ","+/- 1,363",0 ,+/- 261,0 ,+/- 261,526 ,+/- 389,0 ,+/- 261,Wyoming,179 ,+/- 158,"65,556 ","+/- 5,755"
Footnotes:,,,,,,,,,,,Footnotes:,,,,,,,,,,,Footnotes:,,,,,,,,,,,Footnotes:,,,,,,,,,,,Footnotes:,,,,,,,,,,,Footnotes:,,,,,,,,,,,Footnotes:,,,,,,,,,,,Footnotes:,,,,,,,,,,,Footnotes:,,,,,,,,,,,Footnotes:,,,,,,,,,,,Footnotes:,,,,
*Incudes Puerto Rico and the District of Columbia,,,,,,,,,,,*Incudes Puerto Rico and the District of Columbia,,,,,,,,,,,*Incudes Puerto Rico and the District of Columbia,,,,,,,,,,,*Incudes Puerto Rico and the District of Columbia,,,,,,,,,,,*Incudes Puerto Rico and the District of Columbia,,,,,,,,,,,*Incudes Puerto Rico and the District of Columbia,,,,,,,,,,,*Incudes Puerto Rico and the District of Columbia,,,,,,,,,,,*Incudes Puerto Rico and the District of Columbia,,,,,,,,,,,*Incudes Puerto Rico and the District of Columbia,,,,,,,,,,,*Incudes Puerto Rico and the District of Columbia,,,,,,,,,,,*Incudes Puerto Rico and the District of Columbia,,,,
MOE - Margin of error based on 90% confidence interval,,,,,,,,,,,MOE - Margin of error based on 90% confidence interval,,,,,,,,,,,MOE - Margin of error based on 90% confidence interval,,,,,,,,,,,MOE - Margin of error based on 90% confidence interval,,,,,,,,,,,MOE - Margin of error based on 90% confidence interval,,,,,,,,,,,MOE - Margin of error based on 90% confidence interval,,,,,,,,,,,MOE - Margin of error based on 90% confidence interval,,,,,,,,,,,MOE - Margin of error based on 90% confidence interval,,,,,,,,,,,MOE - Margin of error based on 90% confidence interval,,,,,,,,,,,MOE - Margin of error based on 90% confidence interval,,,,,,,,,,,MOE - Margin of error based on 90% confidence interval,,,,
"Source: U.S. Census Bureau, 2008 American Community Survey",,,,,,,,,,,"Source: U.S. Census Bureau, 2008 American Community Survey",,,,,,,,,,,"Source: U.S. Census Bureau, 2008 American Community Survey",,,,,,,,,,,"Source: U.S. Census Bureau, 2008 American Community Survey",,,,,,,,,,,"Source: U.S. Census Bureau, 2008 American Community Survey",,,,,,,,,,,"Source: U.S. Census Bureau, 2008 American Community Survey",,,,,,,,,,,"Source: U.S. Census Bureau, 2008 American Community Survey",,,,,,,,,,,"Source: U.S. Census Bureau, 2008 American Community Survey",,,,,,,,,,,"Source: U.S. Census Bureau, 2008 American Community Survey",,,,,,,,,,,"Source: U.S. Census Bureau, 2008 American Community Survey",,,,,,,,,,,"Source: U.S. Census Bureau, 2008 American Community Survey",,,,
